-- phpMyAdmin SQL Dump
-- version 5.1.1
-- https://www.phpmyadmin.net/
--
-- Host: 127.0.0.1
-- Generation Time: Dec 31, 2021 at 02:21 AM
-- Server version: 10.4.20-MariaDB
-- PHP Version: 7.3.29

SET SQL_MODE = "NO_AUTO_VALUE_ON_ZERO";
START TRANSACTION;
SET time_zone = "+00:00";


/*!40101 SET @OLD_CHARACTER_SET_CLIENT=@@CHARACTER_SET_CLIENT */;
/*!40101 SET @OLD_CHARACTER_SET_RESULTS=@@CHARACTER_SET_RESULTS */;
/*!40101 SET @OLD_COLLATION_CONNECTION=@@COLLATION_CONNECTION */;
/*!40101 SET NAMES utf8mb4 */;

--
-- Database: `rmsys`
--

-- --------------------------------------------------------

--
-- Table structure for table `activity_models`
--

CREATE TABLE `activity_models` (
  `id` int(10) UNSIGNED NOT NULL,
  `user_id` int(11) NOT NULL,
  `am_type` enum('1','2') COLLATE utf8mb4_unicode_ci NOT NULL,
  `activity_model` varchar(255) COLLATE utf8mb4_unicode_ci NOT NULL,
  `sort_index` int(11) DEFAULT NULL,
  `active` tinyint(1) NOT NULL DEFAULT 0,
  `created_at` timestamp NULL DEFAULT NULL,
  `updated_at` timestamp NULL DEFAULT NULL,
  `deleted_at` timestamp NULL DEFAULT NULL,
  `updated_by` int(11) DEFAULT NULL
) ENGINE=InnoDB DEFAULT CHARSET=utf8mb4 COLLATE=utf8mb4_unicode_ci;

--
-- Dumping data for table `activity_models`
--

INSERT INTO `activity_models` (`id`, `user_id`, `am_type`, `activity_model`, `sort_index`, `active`, `created_at`, `updated_at`, `deleted_at`, `updated_by`) VALUES
(1, 1, '1', 'Health', NULL, 1, '2021-11-04 21:55:14', '2021-11-22 10:21:54', NULL, 1),
(2, 1, '1', 'Hair', NULL, 1, '2021-11-04 21:56:58', '2021-11-22 10:21:53', NULL, 1),
(3, 1, '1', 'Cleaning & Hygiene', NULL, 1, '2021-11-04 22:10:43', '2021-11-22 10:21:58', NULL, 1),
(4, 1, '1', 'Excercise & Cardio', NULL, 1, '2021-11-04 22:13:38', '2021-11-22 10:21:58', NULL, 1),
(5, 1, '1', 'Workout Gym', NULL, 1, '2021-11-04 22:13:56', '2021-11-19 15:33:09', NULL, 1),
(6, 1, '1', 'Brain', NULL, 1, '2021-11-04 22:16:25', '2021-11-22 10:22:05', NULL, 1),
(7, 1, '1', 'Beauty', NULL, 1, '2021-11-04 22:18:01', '2021-11-22 10:22:03', NULL, 1),
(8, 1, '1', 'Slim', NULL, 1, '2021-11-04 22:18:12', '2021-11-22 10:22:01', NULL, 1),
(9, 1, '1', 'Teeth', NULL, 1, '2021-11-04 22:22:54', '2021-11-14 11:09:01', NULL, 1),
(10, 1, '2', 'Health', NULL, 1, '2021-11-04 22:24:07', '2021-11-17 16:27:34', NULL, 1),
(11, 1, '2', 'Beauty', NULL, 1, '2021-11-04 22:30:20', '2021-11-22 10:22:11', NULL, 1),
(12, 1, '2', 'Slim', NULL, 1, '2021-11-04 22:47:51', '2021-11-04 22:50:09', NULL, 1),
(13, 1, '1', 'MH', NULL, 1, '2021-11-04 22:56:57', '2021-11-04 22:57:22', NULL, 1),
(14, 1, '2', 'MH', NULL, 1, '2021-11-04 22:57:12', '2021-11-04 22:57:23', NULL, 1),
(15, 1, '2', 'Brain', NULL, 1, '2021-11-04 22:58:10', '2021-11-04 22:58:22', NULL, 1),
(16, 1, '2', 'Hair', NULL, 1, '2021-11-04 23:06:20', '2021-11-04 23:06:51', NULL, 1),
(17, 1, '1', 'Rizq', NULL, 1, '2021-11-04 23:17:28', '2021-11-04 23:17:55', NULL, 1),
(18, 1, '2', 'Rizq', NULL, 1, '2021-11-04 23:17:38', '2021-11-04 23:17:58', NULL, 1),
(19, 1, '1', 'Isaal-e-Sawab', NULL, 1, '2021-11-04 23:18:55', '2021-11-04 23:19:12', NULL, 1),
(20, 1, '1', 'PCACT', NULL, 1, '2021-11-05 17:57:46', '2021-11-05 17:57:59', NULL, 1),
(21, 1, '1', 'MOBILE ACT', NULL, 1, '2021-11-05 18:00:19', '2021-11-05 18:00:24', NULL, 1),
(22, 1, '1', 'Prayers', NULL, 1, '2021-11-05 18:01:50', '2021-11-05 18:02:10', NULL, 1),
(23, 1, '2', 'Prayers', NULL, 1, '2021-11-05 18:02:03', '2021-11-05 18:02:11', NULL, 1),
(24, 1, '1', 'Islamic Act.', NULL, 1, '2021-11-05 19:25:31', '2021-11-05 19:25:57', NULL, 1),
(25, 1, '1', 'test', NULL, 1, '2021-11-17 14:48:04', '2021-11-17 14:48:18', NULL, 1),
(26, 1, '2', 'test ntd', NULL, 1, '2021-11-17 14:50:48', '2021-11-22 10:22:16', NULL, 1);

-- --------------------------------------------------------

--
-- Table structure for table `data`
--

CREATE TABLE `data` (
  `id` int(10) UNSIGNED NOT NULL,
  `user_id` int(11) NOT NULL,
  `activity_model_id` int(11) NOT NULL,
  `_date` date NOT NULL,
  `created_at` timestamp NULL DEFAULT NULL,
  `updated_at` timestamp NULL DEFAULT NULL,
  `updated_by` int(11) DEFAULT NULL
) ENGINE=InnoDB DEFAULT CHARSET=utf8mb4 COLLATE=utf8mb4_unicode_ci;

--
-- Dumping data for table `data`
--

INSERT INTO `data` (`id`, `user_id`, `activity_model_id`, `_date`, `created_at`, `updated_at`, `updated_by`) VALUES
(2, 1, 1, '2021-12-01', '2021-11-30 20:47:16', '2021-11-26 19:55:24', 1),
(3, 1, 2, '2021-12-01', '2021-12-08 17:25:48', '2021-12-08 17:25:48', NULL),
(4, 1, 3, '2021-12-01', '2021-12-08 17:27:01', '2021-12-08 17:27:01', NULL),
(5, 1, 9, '2021-12-01', '2021-12-08 17:27:02', '2021-12-08 17:27:02', NULL),
(6, 1, 17, '2021-12-01', '2021-12-08 17:27:02', '2021-12-08 17:27:02', NULL),
(7, 1, 19, '2021-12-01', '2021-12-08 17:27:02', '2021-12-08 17:27:02', NULL),
(8, 1, 15, '2021-12-01', '2021-12-08 17:27:03', '2021-12-08 17:27:03', NULL),
(9, 1, 22, '2021-12-01', '2021-12-08 17:27:03', '2021-12-08 17:27:03', NULL),
(10, 1, 1, '2021-12-02', '2021-12-08 17:28:14', '2021-12-08 17:28:14', NULL),
(11, 1, 2, '2021-12-02', '2021-12-08 17:28:14', '2021-12-08 17:28:14', NULL),
(12, 1, 3, '2021-12-02', '2021-12-08 17:28:14', '2021-12-08 17:28:14', NULL),
(13, 1, 9, '2021-12-02', '2021-12-08 17:28:14', '2021-12-08 17:28:14', NULL),
(14, 1, 17, '2021-12-02', '2021-12-08 17:28:15', '2021-12-08 17:28:15', NULL),
(15, 1, 19, '2021-12-02', '2021-12-08 17:28:15', '2021-12-08 17:28:15', NULL),
(16, 1, 15, '2021-12-02', '2021-12-08 17:28:15', '2021-12-08 17:28:15', NULL),
(17, 1, 22, '2021-12-02', '2021-12-08 17:28:15', '2021-12-08 17:28:15', NULL),
(18, 1, 17, '2021-12-27', '2021-12-27 08:10:58', '2021-12-27 08:10:58', NULL),
(19, 1, 8, '2021-12-27', '2021-12-27 08:17:23', '2021-12-27 08:17:23', NULL);

-- --------------------------------------------------------

--
-- Table structure for table `data_map`
--

CREATE TABLE `data_map` (
  `id` int(10) UNSIGNED NOT NULL,
  `data_id` int(11) NOT NULL,
  `subactivity_id` int(11) NOT NULL,
  `frequency` int(11) NOT NULL,
  `updated_at` timestamp NULL DEFAULT NULL
) ENGINE=InnoDB DEFAULT CHARSET=utf8mb4 COLLATE=utf8mb4_unicode_ci;

--
-- Dumping data for table `data_map`
--

INSERT INTO `data_map` (`id`, `data_id`, `subactivity_id`, `frequency`, `updated_at`) VALUES
(1, 1, 1, 4, NULL),
(2, 1, 11, 1, NULL),
(3, 1, 14, 0, NULL),
(4, 1, 24, 2, NULL),
(5, 2, 1, 4, NULL),
(6, 2, 11, 0, NULL),
(7, 2, 14, 0, NULL),
(8, 2, 24, 1, NULL),
(9, 4, 4, 1, NULL),
(10, 4, 7, 0, NULL),
(11, 4, 15, 0, NULL),
(12, 4, 16, 1, NULL),
(13, 5, 12, 2, NULL),
(14, 6, 29, 4, NULL),
(15, 7, 30, 0, NULL),
(16, 7, 73, 1, NULL),
(17, 7, 74, 0, NULL),
(18, 8, 55, 0, NULL),
(19, 9, 79, 3, NULL),
(20, 10, 2, 1, NULL),
(21, 11, 3, 0, NULL),
(22, 11, 54, 0, NULL),
(23, 12, 4, 1, NULL),
(24, 12, 7, 0, NULL),
(25, 12, 15, 0, NULL),
(26, 12, 16, 1, NULL),
(27, 13, 12, 2, NULL),
(28, 14, 29, 5, NULL),
(29, 15, 30, 0, NULL),
(30, 15, 73, 1, NULL),
(31, 15, 74, 0, NULL),
(32, 16, 55, 0, NULL),
(33, 17, 79, 2, NULL),
(34, 18, 31, 0, NULL),
(35, 18, 32, 0, NULL),
(36, 18, 33, 0, NULL),
(37, 18, 34, 0, NULL),
(38, 18, 36, 0, NULL),
(39, 18, 37, 0, NULL),
(40, 18, 38, 0, NULL),
(41, 18, 39, 0, NULL),
(42, 19, 56, 1, NULL);

-- --------------------------------------------------------

--
-- Table structure for table `failed_jobs`
--

CREATE TABLE `failed_jobs` (
  `id` bigint(20) UNSIGNED NOT NULL,
  `connection` text COLLATE utf8mb4_unicode_ci NOT NULL,
  `queue` text COLLATE utf8mb4_unicode_ci NOT NULL,
  `payload` longtext COLLATE utf8mb4_unicode_ci NOT NULL,
  `exception` longtext COLLATE utf8mb4_unicode_ci NOT NULL,
  `failed_at` timestamp NOT NULL DEFAULT current_timestamp()
) ENGINE=InnoDB DEFAULT CHARSET=utf8mb4 COLLATE=utf8mb4_unicode_ci;

-- --------------------------------------------------------

--
-- Table structure for table `migrations`
--

CREATE TABLE `migrations` (
  `id` int(10) UNSIGNED NOT NULL,
  `migration` varchar(255) COLLATE utf8mb4_unicode_ci NOT NULL,
  `batch` int(11) NOT NULL
) ENGINE=InnoDB DEFAULT CHARSET=utf8mb4 COLLATE=utf8mb4_unicode_ci;

--
-- Dumping data for table `migrations`
--

INSERT INTO `migrations` (`id`, `migration`, `batch`) VALUES
(1, '2014_10_12_000000_create_users_table', 1),
(2, '2014_10_12_100000_create_password_resets_table', 1),
(3, '2019_08_19_000000_create_failed_jobs_table', 1),
(4, '2021_10_19_215420_create_activity_models_table', 1),
(5, '2021_10_31_181639_create_subactivity_table', 1),
(6, '2021_11_02_234632_create_subactivity_map', 1),
(9, '2021_11_19_210935_create_data_table', 2),
(12, '2021_11_19_223755_create_data_map_table', 3);

-- --------------------------------------------------------

--
-- Table structure for table `password_resets`
--

CREATE TABLE `password_resets` (
  `email` varchar(255) COLLATE utf8mb4_unicode_ci NOT NULL,
  `token` varchar(255) COLLATE utf8mb4_unicode_ci NOT NULL,
  `created_at` timestamp NULL DEFAULT NULL
) ENGINE=InnoDB DEFAULT CHARSET=utf8mb4 COLLATE=utf8mb4_unicode_ci;

-- --------------------------------------------------------

--
-- Table structure for table `subactivity`
--

CREATE TABLE `subactivity` (
  `id` int(10) UNSIGNED NOT NULL,
  `user_id` int(11) NOT NULL,
  `am_type` enum('1','2') COLLATE utf8mb4_unicode_ci NOT NULL,
  `subactivity` varchar(255) COLLATE utf8mb4_unicode_ci NOT NULL,
  `frequency_type` enum('1','2','3','4') COLLATE utf8mb4_unicode_ci NOT NULL,
  `frequency_per_day` enum('1','2') COLLATE utf8mb4_unicode_ci NOT NULL,
  `frequency` int(11) DEFAULT NULL,
  `sort_index` int(11) DEFAULT NULL,
  `active` tinyint(1) NOT NULL DEFAULT 0,
  `created_at` timestamp NULL DEFAULT NULL,
  `updated_at` timestamp NULL DEFAULT NULL,
  `deleted_at` timestamp NULL DEFAULT NULL,
  `updated_by` int(11) DEFAULT NULL
) ENGINE=InnoDB DEFAULT CHARSET=utf8mb4 COLLATE=utf8mb4_unicode_ci;

--
-- Dumping data for table `subactivity`
--

INSERT INTO `subactivity` (`id`, `user_id`, `am_type`, `subactivity`, `frequency_type`, `frequency_per_day`, `frequency`, `sort_index`, `active`, `created_at`, `updated_at`, `deleted_at`, `updated_by`) VALUES
(1, 1, '1', 'Miswaak', '1', '2', 7, NULL, 1, '2021-11-04 21:56:00', '2021-11-04 22:11:22', NULL, 1),
(2, 1, '1', 'Hair Massage', '1', '1', NULL, NULL, 1, '2021-11-04 21:56:33', '2021-11-04 22:11:23', NULL, 1),
(3, 1, '1', 'Oiling', '1', '1', NULL, NULL, 1, '2021-11-04 22:09:13', '2021-11-04 22:11:24', NULL, 1),
(4, 1, '1', 'Hair Cleaning', '1', '1', NULL, NULL, 1, '2021-11-04 22:11:48', '2021-11-04 22:12:42', NULL, 1),
(5, 1, '1', 'Thin Combing', '1', '1', NULL, NULL, 1, '2021-11-04 22:12:20', '2021-11-04 22:12:43', NULL, 1),
(6, 1, '1', 'Misc. Exercise', '1', '1', NULL, NULL, 1, '2021-11-04 22:14:30', '2021-11-04 22:15:37', NULL, 1),
(7, 1, '1', 'Bath', '1', '1', NULL, NULL, 1, '2021-11-04 22:15:20', '2021-11-04 22:15:38', NULL, 1),
(8, 1, '1', 'Neck dirt', '1', '1', NULL, NULL, 1, '2021-11-04 22:16:08', '2021-11-04 22:21:32', NULL, 1),
(9, 1, '1', 'Sleep', '1', '2', 7, NULL, 1, '2021-11-04 22:16:57', '2021-11-04 22:21:34', NULL, 1),
(10, 1, '1', 'Lemon Drink', '1', '1', NULL, NULL, 1, '2021-11-04 22:21:22', '2021-11-04 22:21:36', NULL, 1),
(11, 1, '1', 'Foot Massage', '1', '1', NULL, NULL, 1, '2021-11-04 22:22:22', '2021-11-04 23:12:41', NULL, 1),
(12, 1, '1', 'KAF', '1', '2', 3, NULL, 1, '2021-11-04 22:23:33', '2021-11-04 23:12:31', NULL, 1),
(13, 1, '2', 'AAF', '1', '2', 3, NULL, 1, '2021-11-04 22:24:46', '2021-11-04 23:12:43', NULL, 1),
(14, 1, '1', 'FLAGYL', '3', '1', NULL, NULL, 1, '2021-11-04 22:27:17', '2021-11-04 23:12:45', NULL, 1),
(15, 1, '1', 'Nail cut', '2', '1', NULL, NULL, 1, '2021-11-04 22:28:02', '2021-11-04 23:12:35', NULL, 1),
(16, 1, '1', 'Uhr', '2', '1', NULL, NULL, 1, '2021-11-04 22:28:42', '2021-11-04 23:12:34', NULL, 1),
(17, 1, '2', 'Bakery Treats', '1', '1', NULL, NULL, 1, '2021-11-04 22:31:44', '2021-11-04 23:12:34', NULL, 1),
(18, 1, '2', 'Fried', '1', '1', NULL, NULL, 1, '2021-11-04 22:52:00', '2021-11-04 23:12:46', NULL, 1),
(19, 1, '2', 'Sugar', '1', '1', NULL, NULL, 1, '2021-11-04 22:52:38', '2021-11-04 23:12:48', NULL, 1),
(20, 1, '2', 'Sour', '1', '1', NULL, NULL, 1, '2021-11-04 22:58:44', '2021-11-04 23:12:49', NULL, 1),
(21, 1, '2', 'Salt', '1', '1', NULL, NULL, 1, '2021-11-04 22:59:46', '2021-11-04 23:12:50', NULL, 1),
(22, 1, '2', 'Outside food', '1', '1', NULL, NULL, 1, '2021-11-04 23:00:21', '2021-11-04 23:12:50', NULL, 1),
(23, 1, '2', 'Outside things', '1', '1', NULL, NULL, 1, '2021-11-04 23:01:04', '2021-11-04 23:12:51', NULL, 1),
(24, 1, '1', 'AAF', '1', '2', 3, NULL, 1, '2021-11-04 23:02:00', '2021-11-04 23:12:52', NULL, 1),
(25, 1, '2', 'Outside liquid', '1', '1', NULL, NULL, 1, '2021-11-04 23:04:49', '2021-11-04 23:12:53', NULL, 1),
(26, 1, '2', 'CW', '1', '1', NULL, NULL, 1, '2021-11-04 23:05:34', '2021-11-04 23:13:27', NULL, 1),
(27, 1, '2', 'Const.', '1', '1', NULL, NULL, 1, '2021-11-04 23:07:25', '2021-11-04 23:12:54', NULL, 1),
(28, 1, '2', 'HP', '1', '1', NULL, NULL, 1, '2021-11-04 23:11:55', '2021-11-04 23:12:55', NULL, 1),
(29, 1, '1', 'FTP', '1', '2', 5, NULL, 1, '2021-11-04 23:18:32', '2021-11-04 23:20:10', NULL, 1),
(30, 1, '1', 'Istighfaar', '1', '1', 0, NULL, 1, '2021-11-04 23:20:38', '2021-11-05 19:23:28', NULL, 1),
(31, 1, '1', 'Shukar', '1', '1', NULL, NULL, 1, '2021-11-04 23:21:10', '2021-11-04 23:28:03', NULL, 1),
(32, 1, '1', 'Salam', '1', '1', NULL, NULL, 1, '2021-11-04 23:21:50', '2021-11-04 23:28:01', NULL, 1),
(33, 1, '1', 'Bawuzu', '1', '1', NULL, NULL, 1, '2021-11-04 23:22:09', '2021-11-04 23:28:00', NULL, 1),
(34, 1, '1', 'Chast', '1', '1', NULL, NULL, 1, '2021-11-04 23:22:45', '2021-11-04 23:27:59', NULL, 1),
(35, 1, '1', 'Surah Waqiya', '1', '1', NULL, NULL, 1, '2021-11-04 23:23:35', '2021-11-05 19:47:38', '2021-11-05 19:47:38', 1),
(36, 1, '1', 'Taqwa', '1', '1', NULL, NULL, 1, '2021-11-04 23:25:25', '2021-11-04 23:27:57', NULL, 1),
(37, 1, '1', 'Kasrat Ibadat', '1', '1', NULL, NULL, 1, '2021-11-04 23:25:46', '2021-11-04 23:27:56', NULL, 1),
(38, 1, '1', 'Walidain Respect', '1', '1', NULL, NULL, 1, '2021-11-04 23:27:10', '2021-11-04 23:27:54', NULL, 1),
(39, 1, '1', 'Spendings', '1', '1', NULL, NULL, 1, '2021-11-04 23:27:31', '2021-11-04 23:27:52', NULL, 1),
(40, 1, '2', 'Standing food', '1', '1', NULL, NULL, 1, '2021-11-05 14:53:40', '2021-11-05 14:53:52', NULL, 1),
(41, 1, '2', 'Bare Headed Food', '1', '2', 3, NULL, 0, '2021-11-05 14:54:33', '2021-11-05 14:54:33', NULL, NULL),
(42, 1, '2', 'Shoes While Food', '1', '2', 3, NULL, 0, '2021-11-05 14:54:59', '2021-11-05 14:54:59', NULL, NULL),
(43, 1, '2', 'Talk in WR', '1', '2', 3, NULL, 0, '2021-11-05 14:55:43', '2021-11-05 14:55:43', NULL, NULL),
(44, 1, '2', 'Not washing hands', '1', '2', 3, NULL, 0, '2021-11-05 14:56:17', '2021-11-05 14:56:17', NULL, NULL),
(45, 1, '2', 'Without Bism', '1', '2', 3, NULL, 0, '2021-11-05 14:56:32', '2021-11-05 14:56:32', NULL, NULL),
(46, 1, '2', 'Not to clean plate', '1', '2', 3, NULL, 0, '2021-11-05 14:56:50', '2021-11-05 14:56:50', NULL, NULL),
(47, 1, '2', 'Taling in Mosque', '1', '2', 5, NULL, 1, '2021-11-05 14:57:16', '2021-11-25 20:46:26', NULL, 1),
(48, 1, '2', 'After maghrib', '1', '1', NULL, NULL, 1, '2021-11-05 14:57:45', '2021-11-25 20:46:25', NULL, 1),
(49, 1, '2', 'Qaza', '1', '2', 5, NULL, 1, '2021-11-05 14:58:08', '2021-11-25 20:46:23', NULL, 1),
(50, 1, '2', 'Lying', '1', '1', NULL, NULL, 1, '2021-11-05 14:58:26', '2021-11-25 20:46:22', NULL, 1),
(51, 1, '2', 'Music and songs', '1', '1', NULL, NULL, 1, '2021-11-05 14:58:42', '2021-11-25 20:46:21', NULL, 1),
(52, 1, '2', 'Na Mehram', '1', '1', NULL, NULL, 1, '2021-11-05 14:58:59', '2021-11-25 20:46:20', NULL, 1),
(53, 1, '2', 'Ahal o Ayal fight', '1', '1', NULL, NULL, 1, '2021-11-05 14:59:18', '2021-11-25 20:46:19', NULL, 1),
(54, 1, '1', 'Dry Fruit', '1', '1', NULL, NULL, 1, '2021-11-05 15:00:22', '2021-11-25 20:46:18', NULL, 1),
(55, 1, '1', 'NAP', '1', '1', NULL, NULL, 1, '2021-11-05 17:55:27', '2021-11-25 20:46:17', NULL, 1),
(56, 1, '1', 'Lesser Eating', '1', '1', NULL, NULL, 1, '2021-11-05 17:56:15', '2021-11-05 18:14:31', NULL, 1),
(57, 1, '2', 'Tension', '1', '1', NULL, NULL, 1, '2021-11-05 17:57:20', '2021-11-05 18:14:31', NULL, 1),
(58, 1, '1', 'Updates', '2', '1', NULL, NULL, 1, '2021-11-05 17:58:28', '2021-11-05 17:59:56', NULL, 1),
(59, 1, '1', 'File Management', '1', '1', NULL, NULL, 1, '2021-11-05 17:58:48', '2021-11-05 17:59:52', NULL, 1),
(60, 1, '1', 'Backup', '1', '1', NULL, NULL, 1, '2021-11-05 17:59:03', '2021-11-05 17:59:50', NULL, 1),
(61, 1, '1', 'Maintenance', '1', '1', NULL, NULL, 1, '2021-11-05 17:59:17', '2021-11-05 17:59:48', NULL, 1),
(62, 1, '1', 'FREE UP SPACE', '1', '1', NULL, NULL, 1, '2021-11-05 18:00:40', '2021-11-05 18:14:28', NULL, 1),
(63, 1, '1', 'SMS MGT', '1', '1', NULL, NULL, 1, '2021-11-05 18:00:52', '2021-11-05 18:14:28', NULL, 1),
(64, 1, '1', 'CONTACT MGT', '3', '1', NULL, NULL, 1, '2021-11-05 18:01:05', '2021-11-05 18:14:25', NULL, 1),
(65, 1, '1', 'ALARM MGT', '1', '1', NULL, NULL, 1, '2021-11-05 18:01:15', '2021-11-05 18:14:24', NULL, 1),
(66, 1, '1', 'Read', '1', '2', 5, NULL, 1, '2021-11-05 19:17:02', '2021-11-25 20:46:10', NULL, 1),
(67, 1, '1', 'Bajamat', '1', '2', 5, NULL, 1, '2021-11-05 19:17:26', '2021-11-25 20:46:04', NULL, 1),
(68, 1, '1', 'Tobj', '1', '2', 5, NULL, 1, '2021-11-05 19:18:13', '2021-11-25 20:46:04', NULL, 1),
(69, 1, '1', 'Durood', '1', '1', NULL, NULL, 1, '2021-11-05 19:23:54', '2021-11-25 20:46:03', NULL, 1),
(70, 1, '1', 'First Kalima', '1', '1', NULL, NULL, 1, '2021-11-05 19:24:16', '2021-11-25 20:46:02', NULL, 1),
(71, 1, '1', 'S. Ikhlas', '1', '1', NULL, NULL, 1, '2021-11-05 19:24:40', '2021-11-25 20:46:00', NULL, 1),
(72, 1, '1', 'S. Fatiha', '1', '1', NULL, NULL, 1, '2021-11-05 19:24:56', '2021-11-25 20:45:58', NULL, 1),
(73, 1, '1', 'S. Mulk', '1', '1', NULL, NULL, 1, '2021-11-05 19:25:21', '2021-11-25 20:45:58', NULL, 1),
(74, 1, '1', 'S. Yaseen', '1', '1', NULL, NULL, 1, '2021-11-05 19:26:48', '2021-11-25 20:45:57', NULL, 1),
(75, 1, '1', 'الحمداللہ', '1', '1', NULL, NULL, 1, '2021-11-05 19:27:24', '2021-11-25 20:45:57', NULL, 1),
(76, 1, '1', 'سبحان اللہ', '1', '1', NULL, NULL, 1, '2021-11-05 19:27:41', '2021-11-25 20:45:56', NULL, 1),
(77, 1, '1', 'اللہ اکبر', '1', '1', NULL, NULL, 1, '2021-11-05 19:27:59', '2021-11-25 20:45:50', NULL, 1),
(78, 1, '1', 'S. Waqia', '1', '1', NULL, NULL, 1, '2021-11-05 19:28:16', '2021-11-25 20:45:51', NULL, 1),
(79, 1, '1', 'Qaza filling', '1', '2', 5, NULL, 1, '2021-11-05 19:34:02', '2021-11-25 20:45:47', NULL, 1),
(80, 1, '1', 'AAP', '1', '2', 5, NULL, 1, '2021-11-05 19:42:49', '2021-11-25 20:45:49', NULL, 1),
(81, 1, '1', 'SSA', '1', '2', 2, NULL, 1, '2021-11-05 19:43:08', '2021-11-25 20:45:46', NULL, 1),
(82, 1, '1', 'Silsila Azkaar', '1', '2', 2, NULL, 1, '2021-11-05 19:48:43', '2021-11-25 20:45:43', NULL, 1),
(83, 1, '1', 'Audio listening', '1', '1', NULL, NULL, 1, '2021-11-05 19:50:23', '2021-11-25 20:45:42', NULL, 1),
(84, 1, '1', 'dfdf', '1', '1', NULL, NULL, 0, '2021-11-07 04:48:09', '2021-11-25 20:45:41', NULL, 1),
(85, 1, '1', 'test sub', '1', '1', NULL, NULL, 1, '2021-11-17 14:48:37', '2021-11-17 14:49:58', NULL, 1),
(86, 1, '2', 'test subt ntd', '1', '1', NULL, NULL, 1, '2021-11-17 14:51:18', '2021-11-17 14:51:29', NULL, 1);

-- --------------------------------------------------------

--
-- Table structure for table `subactivity_map`
--

CREATE TABLE `subactivity_map` (
  `id` int(10) UNSIGNED NOT NULL,
  `activity_model_id` int(11) NOT NULL,
  `subactivity_id` int(11) NOT NULL,
  `active` tinyint(1) NOT NULL DEFAULT 1,
  `created_at` timestamp NULL DEFAULT NULL,
  `updated_at` timestamp NULL DEFAULT NULL
) ENGINE=InnoDB DEFAULT CHARSET=utf8mb4 COLLATE=utf8mb4_unicode_ci;

--
-- Dumping data for table `subactivity_map`
--

INSERT INTO `subactivity_map` (`id`, `activity_model_id`, `subactivity_id`, `active`, `created_at`, `updated_at`) VALUES
(1, 1, 1, 1, '2021-11-04 21:56:00', '2021-11-04 21:56:00'),
(2, 1, 2, 1, '2021-11-04 21:56:34', '2021-11-04 21:56:34'),
(3, 2, 2, 1, '2021-11-04 22:08:48', '2021-11-04 22:08:48'),
(4, 2, 3, 1, '2021-11-04 22:09:13', '2021-11-04 22:09:13'),
(5, 1, 3, 1, '2021-11-04 22:09:13', '2021-11-04 22:09:13'),
(6, 3, 4, 1, '2021-11-04 22:11:48', '2021-11-04 22:11:48'),
(7, 2, 4, 1, '2021-11-04 22:11:49', '2021-11-04 22:11:49'),
(8, 2, 5, 1, '2021-11-04 22:12:20', '2021-11-04 22:12:20'),
(9, 4, 6, 1, '2021-11-04 22:14:30', '2021-11-04 22:14:30'),
(10, 3, 7, 1, '2021-11-04 22:15:20', '2021-11-04 22:15:20'),
(11, 1, 7, 1, '2021-11-04 22:15:20', '2021-11-04 22:15:20'),
(12, 3, 8, 1, '2021-11-04 22:16:08', '2021-11-04 22:16:08'),
(13, 6, 9, 1, '2021-11-04 22:16:57', '2021-11-04 22:16:57'),
(14, 2, 9, 1, '2021-11-04 22:16:57', '2021-11-04 22:16:57'),
(15, 1, 9, 1, '2021-11-04 22:16:57', '2021-11-04 22:16:57'),
(16, 8, 10, 1, '2021-11-04 22:21:22', '2021-11-04 22:21:22'),
(17, 7, 10, 1, '2021-11-04 22:21:22', '2021-11-04 22:21:22'),
(18, 1, 10, 1, '2021-11-04 22:21:22', '2021-11-04 22:21:22'),
(19, 1, 11, 1, '2021-11-04 22:22:22', '2021-11-04 22:22:22'),
(20, 9, 12, 1, '2021-11-04 22:23:33', '2021-11-04 22:23:33'),
(21, 2, 12, 1, '2021-11-04 22:23:33', '2021-11-04 22:23:33'),
(22, 10, 13, 1, '2021-11-04 22:24:46', '2021-11-04 22:24:46'),
(23, 1, 14, 1, '2021-11-04 22:27:17', '2021-11-04 22:27:17'),
(24, 3, 15, 1, '2021-11-04 22:28:02', '2021-11-04 22:28:02'),
(25, 1, 15, 1, '2021-11-04 22:28:02', '2021-11-04 22:28:02'),
(26, 3, 16, 1, '2021-11-04 22:28:42', '2021-11-04 22:28:42'),
(27, 1, 16, 1, '2021-11-04 22:28:42', '2021-11-04 22:28:42'),
(28, 10, 17, 1, '2021-11-04 22:31:44', '2021-11-04 22:31:44'),
(29, 7, 17, 0, '2021-11-04 22:31:44', '2021-11-04 22:32:56'),
(30, 12, 18, 1, '2021-11-04 22:52:00', '2021-11-04 22:52:00'),
(31, 11, 18, 1, '2021-11-04 22:52:00', '2021-11-04 22:52:00'),
(32, 10, 18, 1, '2021-11-04 22:52:00', '2021-11-04 22:52:00'),
(33, 12, 19, 1, '2021-11-04 22:52:39', '2021-11-04 22:52:39'),
(34, 11, 19, 1, '2021-11-04 22:52:39', '2021-11-04 22:52:39'),
(35, 10, 19, 1, '2021-11-04 22:52:39', '2021-11-04 22:52:39'),
(36, 15, 20, 1, '2021-11-04 22:58:44', '2021-11-04 22:58:44'),
(37, 14, 20, 1, '2021-11-04 22:58:44', '2021-11-04 22:58:44'),
(38, 11, 21, 1, '2021-11-04 22:59:46', '2021-11-04 22:59:46'),
(39, 10, 21, 1, '2021-11-04 22:59:46', '2021-11-04 22:59:46'),
(40, 12, 22, 1, '2021-11-04 23:00:21', '2021-11-04 23:00:21'),
(41, 11, 22, 1, '2021-11-04 23:00:21', '2021-11-04 23:00:21'),
(42, 10, 22, 1, '2021-11-04 23:00:21', '2021-11-04 23:00:21'),
(43, 10, 23, 1, '2021-11-04 23:01:04', '2021-11-04 23:01:04'),
(44, 1, 24, 1, '2021-11-04 23:02:00', '2021-11-04 23:02:00'),
(45, 12, 25, 1, '2021-11-04 23:04:49', '2021-11-04 23:04:49'),
(46, 11, 25, 1, '2021-11-04 23:04:49', '2021-11-04 23:04:49'),
(47, 10, 25, 1, '2021-11-04 23:04:49', '2021-11-04 23:04:49'),
(48, 10, 26, 1, '2021-11-04 23:05:34', '2021-11-04 23:05:34'),
(49, 16, 27, 1, '2021-11-04 23:07:25', '2021-11-04 23:07:25'),
(50, 15, 27, 1, '2021-11-04 23:07:26', '2021-11-04 23:07:26'),
(51, 11, 27, 1, '2021-11-04 23:07:26', '2021-11-04 23:07:26'),
(52, 10, 27, 1, '2021-11-04 23:07:26', '2021-11-04 23:07:26'),
(53, 16, 28, 1, '2021-11-04 23:11:55', '2021-11-04 23:11:55'),
(54, 15, 28, 1, '2021-11-04 23:11:55', '2021-11-04 23:11:55'),
(55, 14, 28, 1, '2021-11-04 23:11:55', '2021-11-04 23:11:55'),
(56, 12, 28, 1, '2021-11-04 23:11:55', '2021-11-04 23:11:55'),
(57, 11, 28, 1, '2021-11-04 23:11:56', '2021-11-04 23:11:56'),
(58, 10, 28, 1, '2021-11-04 23:11:56', '2021-11-04 23:11:56'),
(59, 17, 29, 1, '2021-11-04 23:18:32', '2021-11-04 23:18:32'),
(60, 19, 30, 1, '2021-11-04 23:20:38', '2021-11-04 23:20:38'),
(61, 17, 30, 1, '2021-11-04 23:20:38', '2021-11-04 23:20:38'),
(62, 17, 31, 1, '2021-11-04 23:21:10', '2021-11-04 23:21:10'),
(63, 17, 32, 1, '2021-11-04 23:21:50', '2021-11-04 23:21:50'),
(64, 17, 33, 1, '2021-11-04 23:22:09', '2021-11-04 23:22:09'),
(65, 17, 34, 1, '2021-11-04 23:22:45', '2021-11-04 23:22:45'),
(66, 19, 35, 1, '2021-11-04 23:23:35', '2021-11-04 23:23:35'),
(67, 17, 35, 1, '2021-11-04 23:23:35', '2021-11-04 23:23:35'),
(68, 17, 36, 1, '2021-11-04 23:25:25', '2021-11-04 23:25:25'),
(69, 17, 37, 1, '2021-11-04 23:25:46', '2021-11-04 23:25:46'),
(70, 17, 38, 1, '2021-11-04 23:27:10', '2021-11-04 23:27:10'),
(71, 17, 39, 1, '2021-11-04 23:27:31', '2021-11-04 23:27:31'),
(72, 18, 40, 1, '2021-11-05 14:53:40', '2021-11-05 14:53:40'),
(73, 18, 41, 1, '2021-11-05 14:54:33', '2021-11-05 14:54:33'),
(74, 18, 42, 1, '2021-11-05 14:54:59', '2021-11-05 14:54:59'),
(75, 18, 43, 1, '2021-11-05 14:55:43', '2021-11-05 14:55:43'),
(76, 18, 44, 1, '2021-11-05 14:56:17', '2021-11-05 14:56:17'),
(77, 18, 45, 1, '2021-11-05 14:56:32', '2021-11-05 14:56:32'),
(78, 18, 46, 1, '2021-11-05 14:56:50', '2021-11-05 14:56:50'),
(79, 18, 47, 1, '2021-11-05 14:57:16', '2021-11-05 14:57:16'),
(80, 18, 48, 1, '2021-11-05 14:57:45', '2021-11-05 14:57:45'),
(81, 18, 49, 1, '2021-11-05 14:58:08', '2021-11-05 14:58:08'),
(82, 18, 50, 1, '2021-11-05 14:58:26', '2021-11-05 14:58:26'),
(83, 18, 51, 1, '2021-11-05 14:58:42', '2021-11-05 14:58:42'),
(84, 18, 52, 1, '2021-11-05 14:58:59', '2021-11-05 14:58:59'),
(85, 18, 53, 1, '2021-11-05 14:59:18', '2021-11-05 14:59:18'),
(86, 2, 54, 1, '2021-11-05 15:00:22', '2021-11-05 15:00:22'),
(87, 16, 21, 1, '2021-11-05 17:52:26', '2021-11-05 17:52:26'),
(88, 6, 54, 1, '2021-11-05 17:54:07', '2021-11-05 17:54:07'),
(89, 15, 55, 1, '2021-11-05 17:55:27', '2021-11-05 17:55:27'),
(90, 10, 55, 1, '2021-11-05 17:55:27', '2021-11-05 17:55:27'),
(91, 8, 56, 1, '2021-11-05 17:56:15', '2021-11-05 17:56:15'),
(92, 7, 56, 1, '2021-11-05 17:56:15', '2021-11-05 17:56:15'),
(93, 6, 56, 1, '2021-11-05 17:56:15', '2021-11-05 17:56:15'),
(94, 1, 56, 1, '2021-11-05 17:56:16', '2021-11-05 17:56:16'),
(95, 16, 57, 1, '2021-11-05 17:57:21', '2021-11-05 17:57:21'),
(96, 15, 57, 1, '2021-11-05 17:57:21', '2021-11-05 17:57:21'),
(97, 14, 57, 1, '2021-11-05 17:57:21', '2021-11-05 17:57:21'),
(98, 12, 57, 1, '2021-11-05 17:57:21', '2021-11-05 17:57:21'),
(99, 11, 57, 1, '2021-11-05 17:57:21', '2021-11-05 17:57:21'),
(100, 10, 57, 1, '2021-11-05 17:57:21', '2021-11-05 17:57:21'),
(101, 20, 58, 1, '2021-11-05 17:58:28', '2021-11-05 17:58:28'),
(102, 20, 59, 1, '2021-11-05 17:58:48', '2021-11-05 17:58:48'),
(103, 20, 60, 1, '2021-11-05 17:59:03', '2021-11-05 17:59:03'),
(104, 20, 61, 1, '2021-11-05 17:59:17', '2021-11-05 17:59:17'),
(105, 21, 62, 1, '2021-11-05 18:00:40', '2021-11-05 18:00:40'),
(106, 21, 63, 1, '2021-11-05 18:00:52', '2021-11-05 18:00:52'),
(107, 21, 64, 1, '2021-11-05 18:01:05', '2021-11-05 18:01:05'),
(108, 21, 65, 1, '2021-11-05 18:01:15', '2021-11-05 18:01:15'),
(109, 22, 66, 1, '2021-11-05 19:17:02', '2021-11-05 19:17:02'),
(110, 22, 67, 1, '2021-11-05 19:17:26', '2021-11-05 19:17:26'),
(111, 23, 68, 1, '2021-11-05 19:18:13', '2021-11-05 19:18:13'),
(112, 23, 49, 1, '2021-11-05 19:19:00', '2021-11-05 19:19:00'),
(113, 19, 69, 1, '2021-11-05 19:23:55', '2021-11-05 19:23:55'),
(114, 19, 70, 1, '2021-11-05 19:24:16', '2021-11-05 19:24:16'),
(115, 19, 71, 1, '2021-11-05 19:24:40', '2021-11-05 19:24:40'),
(116, 19, 72, 1, '2021-11-05 19:24:56', '2021-11-05 19:24:56'),
(117, 19, 73, 1, '2021-11-05 19:25:21', '2021-11-05 19:25:21'),
(118, 24, 73, 1, '2021-11-05 19:26:05', '2021-11-05 19:26:05'),
(119, 19, 74, 1, '2021-11-05 19:26:48', '2021-11-05 19:26:48'),
(120, 19, 75, 1, '2021-11-05 19:27:24', '2021-11-05 19:27:24'),
(121, 19, 76, 1, '2021-11-05 19:27:41', '2021-11-05 19:27:41'),
(122, 19, 77, 1, '2021-11-05 19:27:59', '2021-11-05 19:27:59'),
(123, 19, 78, 1, '2021-11-05 19:28:16', '2021-11-05 19:28:16'),
(124, 22, 79, 1, '2021-11-05 19:34:02', '2021-11-05 19:34:02'),
(125, 24, 29, 1, '2021-11-05 19:42:31', '2021-11-05 19:42:31'),
(126, 24, 80, 1, '2021-11-05 19:42:49', '2021-11-05 19:42:49'),
(127, 24, 81, 1, '2021-11-05 19:43:08', '2021-11-05 19:43:08'),
(128, 24, 78, 1, '2021-11-05 19:44:18', '2021-11-05 19:44:18'),
(129, 24, 74, 1, '2021-11-05 19:44:31', '2021-11-05 19:44:31'),
(130, 17, 78, 1, '2021-11-05 19:47:20', '2021-11-05 19:47:20'),
(131, 24, 82, 1, '2021-11-05 19:48:43', '2021-11-05 19:48:43'),
(132, 24, 83, 1, '2021-11-05 19:50:23', '2021-11-05 19:50:23'),
(133, 24, 79, 1, '2021-11-05 19:50:34', '2021-11-05 19:50:34'),
(134, 24, 84, 1, '2021-11-07 04:48:09', '2021-11-07 04:48:09'),
(135, 22, 84, 1, '2021-11-07 04:48:09', '2021-11-07 04:48:09'),
(136, 25, 85, 1, '2021-11-17 14:48:37', '2021-11-17 14:48:37'),
(137, 26, 86, 1, '2021-11-17 14:51:18', '2021-11-17 14:51:18');

-- --------------------------------------------------------

--
-- Table structure for table `users`
--

CREATE TABLE `users` (
  `id` int(10) UNSIGNED NOT NULL,
  `first_name` varchar(15) COLLATE utf8mb4_unicode_ci NOT NULL,
  `last_name` varchar(15) COLLATE utf8mb4_unicode_ci NOT NULL,
  `email` varchar(50) COLLATE utf8mb4_unicode_ci NOT NULL,
  `email_verified_at` timestamp NULL DEFAULT NULL,
  `password` varchar(100) COLLATE utf8mb4_unicode_ci NOT NULL,
  `remember_token` varchar(100) COLLATE utf8mb4_unicode_ci DEFAULT NULL,
  `created_at` timestamp NULL DEFAULT NULL,
  `updated_at` timestamp NULL DEFAULT NULL,
  `deleted_at` timestamp NULL DEFAULT NULL,
  `updated_by` int(11) DEFAULT NULL
) ENGINE=InnoDB DEFAULT CHARSET=utf8mb4 COLLATE=utf8mb4_unicode_ci;

--
-- Dumping data for table `users`
--

INSERT INTO `users` (`id`, `first_name`, `last_name`, `email`, `email_verified_at`, `password`, `remember_token`, `created_at`, `updated_at`, `deleted_at`, `updated_by`) VALUES
(1, 'danish', 'shah', 'shah.danish@hotmail.com', NULL, '$2y$10$B/2fAODr9KE33MA6o8iGn.xQgSF1HmoWkXjzdEp0T53JEJLek/wpe', NULL, NULL, NULL, NULL, NULL),
(2, '', '', '', NULL, '', NULL, '2021-11-19 16:22:35', '2021-11-19 16:22:35', NULL, NULL);

--
-- Indexes for dumped tables
--

--
-- Indexes for table `activity_models`
--
ALTER TABLE `activity_models`
  ADD PRIMARY KEY (`id`);

--
-- Indexes for table `data`
--
ALTER TABLE `data`
  ADD PRIMARY KEY (`id`);

--
-- Indexes for table `data_map`
--
ALTER TABLE `data_map`
  ADD PRIMARY KEY (`id`);

--
-- Indexes for table `failed_jobs`
--
ALTER TABLE `failed_jobs`
  ADD PRIMARY KEY (`id`);

--
-- Indexes for table `migrations`
--
ALTER TABLE `migrations`
  ADD PRIMARY KEY (`id`);

--
-- Indexes for table `password_resets`
--
ALTER TABLE `password_resets`
  ADD KEY `password_resets_email_index` (`email`);

--
-- Indexes for table `subactivity`
--
ALTER TABLE `subactivity`
  ADD PRIMARY KEY (`id`);

--
-- Indexes for table `subactivity_map`
--
ALTER TABLE `subactivity_map`
  ADD PRIMARY KEY (`id`);

--
-- Indexes for table `users`
--
ALTER TABLE `users`
  ADD PRIMARY KEY (`id`),
  ADD UNIQUE KEY `users_email_unique` (`email`);

--
-- AUTO_INCREMENT for dumped tables
--

--
-- AUTO_INCREMENT for table `activity_models`
--
ALTER TABLE `activity_models`
  MODIFY `id` int(10) UNSIGNED NOT NULL AUTO_INCREMENT, AUTO_INCREMENT=27;

--
-- AUTO_INCREMENT for table `data`
--
ALTER TABLE `data`
  MODIFY `id` int(10) UNSIGNED NOT NULL AUTO_INCREMENT, AUTO_INCREMENT=20;

--
-- AUTO_INCREMENT for table `data_map`
--
ALTER TABLE `data_map`
  MODIFY `id` int(10) UNSIGNED NOT NULL AUTO_INCREMENT, AUTO_INCREMENT=43;

--
-- AUTO_INCREMENT for table `failed_jobs`
--
ALTER TABLE `failed_jobs`
  MODIFY `id` bigint(20) UNSIGNED NOT NULL AUTO_INCREMENT;

--
-- AUTO_INCREMENT for table `migrations`
--
ALTER TABLE `migrations`
  MODIFY `id` int(10) UNSIGNED NOT NULL AUTO_INCREMENT, AUTO_INCREMENT=13;

--
-- AUTO_INCREMENT for table `subactivity`
--
ALTER TABLE `subactivity`
  MODIFY `id` int(10) UNSIGNED NOT NULL AUTO_INCREMENT, AUTO_INCREMENT=87;

--
-- AUTO_INCREMENT for table `subactivity_map`
--
ALTER TABLE `subactivity_map`
  MODIFY `id` int(10) UNSIGNED NOT NULL AUTO_INCREMENT, AUTO_INCREMENT=138;

--
-- AUTO_INCREMENT for table `users`
--
ALTER TABLE `users`
  MODIFY `id` int(10) UNSIGNED NOT NULL AUTO_INCREMENT, AUTO_INCREMENT=4;
COMMIT;

/*!40101 SET CHARACTER_SET_CLIENT=@OLD_CHARACTER_SET_CLIENT */;
/*!40101 SET CHARACTER_SET_RESULTS=@OLD_CHARACTER_SET_RESULTS */;
/*!40101 SET COLLATION_CONNECTION=@OLD_COLLATION_CONNECTION */;
